Date,Mkt-RF,SMB,HML,RF,MOM
7/31/1926,2.96,-2.38,-2.73,0.22,
8/31/1926,2.64,-1.47,4.14,0.25,
9/30/1926,0.36,-1.39,0.12,0.23,
10/31/1926,-3.24,-0.13,0.65,0.32,
11/30/1926,2.53,-0.16,-0.38,0.31,
12/31/1926,2.62,-0.02,0,0.28,
1/31/1927,-0.06,-0.51,4.73,0.25,0.36
2/28/1927,4.18,-0.25,3.27,0.26,-2.14
3/31/1927,0.13,-1.89,-2.56,0.3,3.61
4/30/1927,0.46,0.49,0.71,0.25,4.3
5/31/1927,5.44,1.46,4.98,0.3,3
6/30/1927,-2.34,0.51,-1.53,0.26,0.55
7/31/1927,7.26,-3.25,-1.14,0.3,4.31
8/31/1927,1.97,-0.69,-3.74,0.28,1.36
9/30/1927,4.76,-3.63,-0.63,0.21,1.98
10/31/1927,-4.31,2.12,-4.33,0.25,-0.87
11/30/1927,6.58,2.72,-0.27,0.21,-0.66
12/31/1927,2.09,0.97,-1.13,0.22,3.21
1/31/1928,-0.68,4.26,-0.75,0.25,-0.52
2/29/1928,-1.7,-2.06,-0.65,0.33,-1.09
3/31/1928,8.81,-0.26,-1.22,0.29,4.78
4/30/1928,4.23,3.98,3.44,0.22,-4.41
5/31/1928,1.52,2.85,-3.27,0.32,3.02
6/30/1928,-4.85,-3.52,-0.03,0.31,2.04
7/31/1928,0.62,-1.32,-0.5,0.32,2.79
8/31/1928,6.68,-2.06,-2.15,0.32,3.54
9/30/1928,2.88,2.41,0.86,0.27,3.49
10/31/1928,1.33,2.22,-2.16,0.41,5.12
11/30/1928,11.81,-1.78,2.7,0.38,2.01
12/31/1928,0.36,-0.86,-0.65,0.06,1.54
1/31/1929,4.66,-3.56,-1.24,0.34,2.45
2/28/1929,-0.34,-0.38,1.66,0.36,3.05
3/31/1929,-0.89,-4.71,1.58,0.34,-0.64
4/30/1929,1.43,-0.97,0.59,0.36,1.85
5/31/1929,-6.39,-5.37,-1.42,0.44,-2
6/30/1929,9.7,-2.17,-2.79,0.52,8.71
7/31/1929,4.46,-3.85,2.66,0.33,2.84
8/31/1929,8.18,-9.51,0,0.4,4.7
9/30/1929,-5.47,1.18,-0.62,0.35,2.97
10/31/1929,-20.12,-4.01,7.77,0.46,4.1
11/30/1929,-12.74,-1.81,5.22,0.37,-2.39
12/31/1929,1.33,-4.48,-0.59,0.37,5.19
1/31/1930,5.61,3.53,-0.92,0.14,-5.24
2/28/1930,2.5,0.19,0.2,0.3,0.62
3/31/1930,7.1,3.41,0.33,0.35,-4.42
4/30/1930,-2.06,-0.35,-0.35,0.21,3.98
5/31/1930,-1.66,-2.02,-0.71,0.26,0.05
6/30/1930,-16.27,-3.36,2.28,0.27,6.62
7/31/1930,4.12,-0.35,-1.54,0.2,-2.11
8/31/1930,0.3,-2.23,-0.79,0.09,3.95
9/30/1930,-12.75,-2.22,-5.27,0.22,11.48
10/31/1930,-8.78,-0.12,-1.38,0.09,6.86
11/30/1930,-3.04,2.22,-3.52,0.13,-1.46
12/31/1930,-7.83,-4.66,-5.38,0.14,13.32
1/31/1931,6.24,3.75,7.13,0.15,-11.07
2/28/1931,10.88,3.38,1.6,0.04,-14.47
3/31/1931,-6.43,3.06,-3.67,0.13,9.46
4/30/1931,-9.98,-4.63,-3.95,0.08,11.4
5/31/1931,-13.24,5.16,-6.59,0.09,9.26
6/30/1931,13.9,-5.36,11.34,0.08,-17.88
7/31/1931,-6.62,1.49,-2.21,0.06,8.2
8/31/1931,0.41,-1.92,-1.54,0.03,-3.5
9/30/1931,-29.13,0.48,-6.67,0.03,10.15
10/31/1931,8.04,-1.73,1.46,0.1,3.27
11/30/1931,-9.08,4.32,-5.06,0.17,7.54
12/31/1931,-13.53,-0.42,-9.05,0.12,14.16
1/31/1932,-1.58,3.85,9.16,0.23,-10.87
2/29/1932,5.46,-2.87,-1.31,0.23,1.59
3/31/1932,-11.21,2.34,-2.44,0.16,9.92
4/30/1932,-17.96,1.51,1.32,0.11,6.97
5/31/1932,-20.51,4.12,-3.32,0.06,12.28
6/30/1932,-0.7,0.19,5.52,0.02,1.88
7/31/1932,33.84,-4.59,35.61,0.03,-45.02
8/31/1932,37.06,13.41,34.24,0.03,-52.05
9/30/1932,-2.94,-2.08,-7.36,0.03,2.36
10/31/1932,-13.17,-2.56,-10.33,0.02,4.95
11/30/1932,-5.88,2,-13.11,0.02,-1.83
12/31/1932,4.4,-8.64,-7.72,0.01,5.48
1/31/1933,1.25,0.63,6.36,0.01,-1.6
2/28/1933,-15.24,-2.58,-2.95,-0.03,4.26
3/31/1933,3.29,3.79,7.54,0.04,2.48
4/30/1933,38.85,3.07,19.65,0.1,-16.51
5/31/1933,21.43,36.56,19.19,0.04,-4.31
6/30/1933,13.11,8.42,-1.78,0.02,4
7/31/1933,-9.63,-1.05,3.27,0.02,0.1
8/31/1933,12.05,-5.39,3,0.03,7.59
9/30/1933,-10.65,-0.4,-11.74,0.02,1.58
10/31/1933,-8.36,-0.2,-8.57,0.01,-2.21
11/30/1933,9.97,-6.47,2.32,0.02,6.1
12/31/1933,1.83,0.63,-1.56,0.02,4.18
1/31/1934,12.6,12.69,15.59,0.05,-2.97
2/28/1934,-2.5,5.1,2,0.02,-0.28
3/31/1934,0.09,2.51,-2.7,0.02,-0.67
4/30/1934,-1.79,2.73,-3.73,0.01,-4.7
5/31/1934,-7.25,-0.29,-5.89,0.01,-2.56
6/30/1934,2.64,-2.23,-2.96,0.01,-0.96
7/31/1934,-10.96,-6.71,-10.98,0.01,8.71
8/31/1934,5.58,5.24,0.68,0.01,2.48
9/30/1934,-0.23,-1.43,-1.31,0.01,0.06
10/31/1934,-1.66,1.53,-5.5,0.01,6.9
11/30/1934,8.33,6.31,-1.97,0.01,3.83
12/31/1934,0.36,2.99,-3.11,0.01,4.73
1/31/1935,-3.45,1.03,-1.83,0.01,3.72
2/28/1935,-1.94,0.56,-7.51,0.02,13.92
3/31/1935,-3.68,-3.59,-5.07,0.01,3.16
4/30/1935,9.06,-1.47,4.32,0.01,-4.67
5/31/1935,3.47,-3.25,2.48,0.01,-3.65
6/30/1935,5.93,-2.4,-1.88,0.01,2.35
7/31/1935,7.51,1.65,6.64,0.01,-3.75
8/31/1935,2.65,6.11,5.9,0.01,-7.17
9/30/1935,2.63,1.63,-4.01,0.01,8.95
10/31/1935,7.03,2.8,-2.44,0.01,1.87
11/30/1935,4.88,4.16,11.73,0.02,-6.27
12/31/1935,4.56,0.4,1.06,0.01,3.78
1/31/1936,6.89,5.17,10.33,0.01,-3.33
2/29/1936,2.49,1.42,4.87,0.01,2.45
3/31/1936,0.99,0.57,-1.62,0.02,1.82
4/30/1936,-8.14,-6.07,-2.08,0.02,-7.65
5/31/1936,5.19,0.9,2.54,0.02,2.47
6/30/1936,2.4,-3.23,-1.22,0.03,0.38
7/31/1936,6.67,1,2.4,0.01,2.85
8/31/1936,0.99,0.6,3.82,0.02,0.65
9/30/1936,0.98,3.08,0.9,0.01,1.24
10/31/1936,7.12,-2.43,2.47,0.02,1
11/30/1936,3.27,8.77,-1.21,0.01,1.97
12/31/1936,0.21,3.96,4.3,0,2.01
1/31/1937,3.35,4.34,2.61,0.01,-1.9
2/28/1937,1.09,1.05,4.83,0.02,3.17
3/31/1937,-0.27,-1.69,6.5,0.01,2.7
4/30/1937,-7.36,-3.83,-3.66,0.03,-3.71
5/31/1937,-0.83,-0.68,-3.48,0.06,0.58
6/30/1937,-4.21,-3.76,-3.33,0.03,0.74
7/31/1937,8.91,0.89,0.81,0.03,-0.55
8/31/1937,-4.86,0.44,-2.25,0.02,-1.85
9/30/1937,-13.61,-6.98,-4.57,0.04,-7.01
10/31/1937,-9.61,0.41,-1.55,0.02,-1.6
11/30/1937,-8.31,-3.6,0.15,0.02,-1.23
12/31/1937,-4.24,-7.74,-0.4,0,4.67
1/31/1938,0.49,4.84,-1.61,0,-1.61
2/28/1938,5.84,0.4,-2.02,0,-2.91
3/31/1938,-23.82,-4.34,-3.54,-0.01,15.55
4/30/1938,14.51,6.46,0.23,0.01,-8.49
5/31/1938,-3.83,-2.51,-0.27,0,7.01
6/30/1938,23.87,4.3,0.32,0,-24.79
7/31/1938,7.34,6.67,2.14,-0.01,-7.01
8/31/1938,-2.67,-2.44,-4.73,0,3.64
9/30/1938,0.81,-2.73,-1.61,0.02,2.58
10/31/1938,7.8,5.79,5.07,0.01,-7.77
11/30/1938,-1.72,-2.57,-1.21,-0.06,3.07
12/31/1938,4.19,-1.83,0.53,0,2.18
1/31/1939,-5.96,-1.53,-3.96,-0.01,-3.04
2/28/1939,3.51,0.64,2.94,0.01,3.27
3/31/1939,-11.99,-4.72,-8.37,-0.01,-1.55
4/30/1939,-0.18,1.66,-0.29,0,2.56
5/31/1939,6.8,2.78,0.53,0.01,3.54
6/30/1939,-5.31,-0.99,-5.45,0.01,2.05
7/31/1939,10.24,4.13,0.31,0,-0.72
8/31/1939,-6.68,-4.68,-2.33,-0.01,5.95
9/30/1939,16.88,20.61,21.88,0.01,-31.03
10/31/1939,-0.53,-0.16,-4.7,0,6.56
11/30/1939,-3.62,-5.22,-6.28,0,-0.29
12/31/1939,3.03,0.87,-4.19,0,5.38
1/31/1940,-2.41,0.4,-1.09,0,1.75
2/29/1940,1.44,2.22,0.19,0,1.79
3/31/1940,2.05,1.26,-1.29,0,-0.35
4/30/1940,0.22,4.01,-0.26,0,3.25
5/31/1940,-21.95,-6.61,-3.82,-0.02,2.66
6/30/1940,6.67,-1.72,3.88,0,-2.06
7/31/1940,3.16,1.01,-0.74,0.01,0.81
8/31/1940,2.19,-0.11,0.56,-0.01,-1.56
9/30/1940,2.39,3.22,-1.13,0,-0.24
10/31/1940,3.02,0.28,4.64,0,-6.51
11/30/1940,-1.61,1.94,0.12,0,1.28
12/31/1940,0.69,-2.15,-0.89,0,3.48
1/31/1941,-4.17,1,3.83,-0.01,-4.43
2/28/1941,-1.43,-1.56,0.89,-0.01,0.97
3/31/1941,0.84,0.1,3.04,0.01,2.44
4/30/1941,-5.46,-1.68,3.41,-0.01,3.01
5/31/1941,1.39,-0.65,0.6,0,2.52
6/30/1941,5.83,1.32,0.59,0,-0.95
7/31/1941,5.87,5.71,7.25,0.03,-1.63
8/31/1941,-0.17,-0.42,-1.1,0.01,0.12
9/30/1941,-0.87,-0.99,-0.28,0.01,-1.65
10/31/1941,-5.25,-2.02,1.63,0,4.75
11/30/1941,-1.92,-1.21,-0.64,0,4.05
12/31/1941,-4.87,-2.99,-5.94,0.01,0.25
1/31/1942,0.79,7.53,10.1,0.02,-3.57
2/28/1942,-2.46,1.72,-1.13,0.01,-0.75
3/31/1942,-6.58,1.77,-0.62,0.01,-0.33
4/30/1942,-4.37,-0.6,2.09,0.01,-0.71
5/31/1942,5.94,-3.05,-2.65,0.03,-4.71
6/30/1942,2.69,-1.22,0.54,0.02,-1.32
7/31/1942,3.51,-0.14,2.44,0.03,0.77
8/31/1942,1.8,-0.02,1.4,0.03,-0.18
9/30/1942,2.61,0.55,2.28,0.03,-0.64
10/31/1942,6.82,1.75,6.37,0.03,-4.07
11/30/1942,0.15,-1.36,-4.05,0.03,-0.88
12/31/1942,5.12,-2.56,0.54,0.03,3.26
1/31/1943,7.13,8.88,8.18,0.03,-0.36
2/28/1943,6.15,4.7,6.33,0.03,-1.55
3/31/1943,6.01,5.03,5.51,0.03,4.85
4/30/1943,0.81,2.02,5.76,0.03,6.17
5/31/1943,5.74,4.34,3.21,0.03,5.64
6/30/1943,1.82,-1.01,-0.7,0.03,-1.29
7/31/1943,-4.77,-2.35,-2.3,0.03,-4.64
8/31/1943,1.3,-0.6,-0.43,0.03,0.88
9/30/1943,2.4,1.3,1.43,0.03,1.8
10/31/1943,-1.15,0.58,1.64,0.03,-0.57
11/30/1943,-5.91,-1.63,-4.03,0.03,-4.6
12/31/1943,6.36,3.31,3.23,0.03,6.03
1/31/1944,1.74,2.54,2.17,0.03,0.98
2/29/1944,0.37,-0.11,0.83,0.03,0.33
3/31/1944,2.46,1.73,3.43,0.02,2.51
4/30/1944,-1.69,-1.38,-1.13,0.03,0.55
5/31/1944,5.07,1.66,1.04,0.03,1.98
6/30/1944,5.49,3.99,1.75,0.03,-5.13
7/31/1944,-1.49,0.57,-0.48,0.03,0.12
8/31/1944,1.57,2.32,-1.44,0.03,4.66
9/30/1944,0.01,0.44,-0.97,0.02,-1.06
10/31/1944,0.16,-0.11,-0.39,0.03,-1.34
11/30/1944,1.71,0.23,2.52,0.03,1.34
12/31/1944,4.03,2.21,6.04,0.02,3.36
1/31/1945,2.01,2.44,0.63,0.03,0.02
2/28/1945,6.23,1.52,4.33,0.02,3.1
3/31/1945,-3.89,-1.61,-1.66,0.02,-3.26
4/30/1945,7.8,0.31,3.24,0.03,4.82
5/31/1945,1.73,1.48,0.36,0.03,0.11
6/30/1945,0.39,3.06,4.23,0.02,4.14
7/31/1945,-2.17,-1.52,-2.62,0.03,-2.7
8/31/1945,6.2,1.5,-4.27,0.03,-1.31
9/30/1945,4.77,1.7,0.42,0.03,1.25
10/31/1945,3.89,2.38,2.13,0.03,0.12
11/30/1945,5.39,4.31,3.96,0.02,4.11
12/31/1945,1.2,2.1,-2.28,0.03,1.25
1/31/1946,6.24,3.91,2.48,0.03,3.78
2/28/1946,-5.83,-0.71,-1.46,0.03,-1.44
3/31/1946,5.87,0.29,-0.54,0.03,2.68
4/30/1946,4.23,2.35,0.32,0.03,2.98
5/31/1946,3.93,1.46,1.28,0.03,-0.46
6/30/1946,-3.89,-1.58,-0.39,0.03,-2.5
7/31/1946,-2.69,-2.07,0.07,0.03,-0.02
8/31/1946,-6.44,-1.84,0.55,0.03,-0.04
9/30/1946,-10.17,-4.4,-1.92,0.03,0.74
10/31/1946,-1.44,0.1,3.46,0.03,1.03
11/30/1946,-0.01,-0.44,1.47,0.03,0.19
12/31/1946,4.96,0.08,-1.36,0.03,-0.08
1/31/1947,1.25,2.2,-0.73,0.03,-6.36
2/28/1947,-1.08,0.68,0.15,0.03,-0.52
3/31/1947,-1.67,-1.62,0.61,0.03,4.13
4/30/1947,-4.8,-3.96,0.85,0.03,4.99
5/31/1947,-0.97,-3.26,0.33,0.03,3.34
6/30/1947,5.29,-0.3,-0.59,0.03,-1.67
7/31/1947,4.14,1.43,2.82,0.03,-3.43
8/31/1947,-1.74,0.32,0.18,0.03,3.33
9/30/1947,-0.54,1.64,1.36,0.06,0.01
10/31/1947,2.47,0.51,0.07,0.06,1.57
11/30/1947,-1.97,-1.71,1.1,0.06,4.27
12/31/1947,3,-2.46,3.71,0.08,3.62
1/31/1948,-3.93,2.5,1.39,0.07,-4.3
2/29/1948,-4.38,-1.72,0.07,0.07,1.44
3/31/1948,8.07,0.14,4.5,0.09,-0.31
4/30/1948,3.65,-1.65,4.11,0.08,4.09
5/31/1948,7.3,0.91,-1.27,0.08,2.3
6/30/1948,-0.1,-1.82,2.81,0.09,4.08
7/31/1948,-5.09,-0.33,0.14,0.08,-1.55
8/31/1948,0.25,-1.11,0.28,0.09,0.23
9/30/1948,-2.97,-1.23,-1.71,0.04,-1.31
10/31/1948,5.96,-1.5,0.58,0.04,2.8
11/30/1948,-9.3,-0.6,-4.13,0.04,0.54
12/31/1948,3.26,-2.82,-1.94,0.04,4.63
1/31/1949,0.23,1.77,1.23,0.1,-2.9
2/28/1949,-2.93,-1.9,-0.86,0.09,-0.41
3/31/1949,4.04,2.5,1.29,0.1,-0.94
4/30/1949,-1.87,-0.89,-1.13,0.09,3.1
5/31/1949,-2.94,-0.79,-2.37,0.1,2.98
6/30/1949,0.1,-0.91,-1.65,0.1,-1.06
7/31/1949,5.54,0.55,0.36,0.09,-1.48
8/31/1949,2.6,0.13,-0.62,0.09,1.72
9/30/1949,3.09,1.06,0.24,0.09,-1.41
10/31/1949,3.14,1.04,-0.47,0.09,0.06
11/30/1949,1.82,-1.02,-0.97,0.08,1.22
12/31/1949,5.13,2.08,1.79,0.09,-0.78
1/31/1950,1.7,3.34,0.13,0.09,-2.34
2/28/1950,1.48,0.01,-0.81,0.09,1.39
3/31/1950,1.26,-1.43,-2.81,0.1,1.47
4/30/1950,3.94,2.01,1.37,0.09,0.41
5/31/1950,4.31,-2.12,0.45,0.1,0.37
6/30/1950,-5.94,-2.36,-0.73,0.1,-1.58
7/31/1950,1.36,0.69,13.56,0.1,-0.47
8/31/1950,4.85,0.76,-1.5,0.1,3.19
9/30/1950,4.81,0.49,-1.07,0.1,-0.17
10/31/1950,-0.18,-0.47,1.3,0.12,1.53
11/30/1950,2.76,-0.89,3.33,0.11,3.63
12/31/1950,5.54,1.47,7.36,0.11,4.99
1/31/1951,5.7,1.76,3.64,0.13,2
2/28/1951,1.41,0.08,-2.85,0.1,-1.55
3/31/1951,-2.15,-0.77,-4.1,0.11,-2.97
4/30/1951,4.86,-1.45,3.27,0.13,6.01
5/31/1951,-2.34,0,-1.37,0.12,-0.93
6/30/1951,-2.62,-2.06,-3.75,0.12,-2.38
7/31/1951,6.94,-1.99,2.06,0.13,7.27
8/31/1951,4.27,0.99,-0.13,0.13,1
9/30/1951,0.7,1.87,0.63,0.12,0.49
10/31/1951,-2.53,-0.22,0.23,0.16,-0.2
11/30/1951,0.57,-0.32,-0.06,0.11,0.57
12/31/1951,3.33,-2.26,-1.59,0.12,1.68
1/31/1952,1.45,-0.61,1.55,0.15,1.35
2/29/1952,-2.62,0.82,-0.61,0.12,-0.68
3/31/1952,4.44,-2.99,2.17,0.11,1.59
4/30/1952,-4.97,0.46,-0.1,0.12,-2.06
5/31/1952,3.2,-1,0.04,0.13,0.51
6/30/1952,3.83,-1.64,1.24,0.15,1.48
7/31/1952,0.91,-0.4,-0.35,0.15,-0.57
8/31/1952,-0.76,1.15,0.01,0.15,0.34
9/30/1952,-2.03,1.11,-1.52,0.16,1.7
10/31/1952,-0.66,-1.05,-0.46,0.14,2.82
11/30/1952,5.94,-0.72,0.97,0.1,0.48
12/31/1952,2.93,-1.48,0.19,0.16,1.59
1/31/1953,-0.34,3.61,1.32,0.16,0.71
2/28/1953,-0.27,2.15,-0.09,0.14,0.88
3/31/1953,-1.43,-0.22,-0.85,0.18,0.07
4/30/1953,-2.83,0.3,1.57,0.16,1.91
5/31/1953,0.52,-0.07,0.23,0.17,0.94
6/30/1953,-1.89,-1.87,-0.47,0.18,0
7/31/1953,2.4,-0.99,-0.22,0.15,-0.27
8/31/1953,-4.52,0.3,-3.54,0.17,2.12
9/30/1953,0.2,-0.82,-2.44,0.16,2.85
10/31/1953,4.6,-1.37,-0.24,0.13,0.21
11/30/1953,2.83,-1.32,-0.15,0.08,1.9
12/31/1953,0.03,-0.86,-2.82,0.13,5.21
1/31/1954,5.13,0.5,3.42,0.11,-5.83
2/28/1954,1.67,-0.2,-0.28,0.07,1.04
3/31/1954,3.65,-0.52,-1.5,0.08,2.04
4/30/1954,4.27,-3.42,-0.34,0.09,4.97
5/31/1954,3.09,0.41,2.46,0.05,-1.9
6/30/1954,1.07,0.39,0,0.06,3.51
7/31/1954,4.99,1.06,4.13,0.05,0.48
8/31/1954,-2.34,2.69,-1.38,0.05,-0.66
9/30/1954,6.39,-2.53,0.68,0.09,1.56
10/31/1954,-1.67,0.62,0.67,0.07,0.95
11/30/1954,9.38,-2.62,4.4,0.06,1.9
12/31/1954,5.48,2.12,5.66,0.08,-1.33
1/31/1955,0.6,0.36,2.14,0.08,1.36
2/28/1955,3.02,1.59,0.58,0.09,1.09
3/31/1955,-0.16,-0.74,1.97,0.1,1.04
4/30/1955,3.11,-1.62,0.68,0.1,0.07
5/31/1955,0.93,-0.28,-0.96,0.14,0.51
6/30/1955,6.55,-4.65,1.84,0.1,4.62
7/31/1955,1.9,-1.15,0.39,0.1,-1.2
8/31/1955,0.21,-0.44,0.72,0.16,1.79
9/30/1955,-0.36,0.28,-0.98,0.16,1.82
10/31/1955,-2.68,1.52,-0.11,0.18,-0.61
11/30/1955,7.03,-2.19,0.33,0.17,2.7
12/31/1955,1.49,2.11,-2.31,0.18,-1.35
1/31/1956,-3.03,0.41,0.93,0.22,-1.4
2/29/1956,3.77,-0.98,-0.39,0.19,1.96
3/31/1956,6.64,-2.11,-0.45,0.15,3.6
4/30/1956,0.28,0.04,-0.22,0.19,2.58
5/31/1956,-5.2,1.46,-1.34,0.23,-1.61
6/30/1956,3.48,-1.48,-1.1,0.2,2.73
7/31/1956,4.84,-1.68,-0.01,0.22,2.53
8/31/1956,-3.18,1.91,-0.78,0.17,-0.69
9/30/1956,-5.14,1.54,1.76,0.18,-0.75
10/31/1956,0.52,-0.11,-0.01,0.25,2.43
11/30/1956,0.36,-0.16,1.76,0.2,3.41
12/31/1956,3.16,-0.04,-2.08,0.24,3.82
1/31/1957,-3.58,3.32,2.79,0.27,-3.09
2/28/1957,-2.06,-0.64,-0.79,0.24,0.32
3/31/1957,2.13,0.31,-0.49,0.23,-0.18
4/30/1957,4.26,-1.6,-1.43,0.25,1
5/31/1957,3.45,-1.02,-2.12,0.26,0.48
6/30/1957,-0.74,0.54,0.03,0.24,0.79
7/31/1957,0.66,-0.76,0.43,0.3,-0.08
8/31/1957,-5.11,0.05,-0.41,0.25,0.47
9/30/1957,-5.98,0.08,0.92,0.26,0.53
10/31/1957,-4.32,-2.52,-1.8,0.29,1.95
11/30/1957,2.3,0.4,-2.87,0.28,1.27
12/31/1957,-3.91,-0.98,-1.62,0.24,7.82
1/31/1958,4.66,4.39,4.19,0.28,-7.62
2/28/1958,-1.52,0.65,0.33,0.12,3.73
3/31/1958,3.27,0.65,-0.97,0.09,-1.88
4/30/1958,3.09,-0.62,1.61,0.08,1.84
5/31/1958,2.31,2.16,-0.26,0.11,-1.8
6/30/1958,2.93,-0.19,0.4,0.03,-0.88
7/31/1958,4.39,0.48,3.1,0.07,-3.7
8/31/1958,1.91,1.18,0.38,0.04,0.21
9/30/1958,4.66,0.13,2.86,0.19,-1.1
10/31/1958,2.53,1.08,-1.23,0.18,3.15
11/30/1958,3.01,1.97,-1.2,0.11,1.58
12/31/1958,5.15,-2.03,0.03,0.22,-0.65
1/31/1959,0.71,3.02,2.93,0.21,-0.26
2/28/1959,0.95,1.46,1.15,0.19,3.45
3/31/1959,0.28,1.49,-0.35,0.22,0.16
4/30/1959,3.66,-0.6,-1.23,0.2,3.17
5/31/1959,1.73,-2.16,1.81,0.22,1.49
6/30/1959,-0.25,0.67,1.31,0.25,2.9
7/31/1959,3.17,-0.3,0.23,0.25,-0.3
8/31/1959,-1.39,-0.77,0.42,0.19,-1
9/30/1959,-4.8,-0.09,0.54,0.31,0.93
10/31/1959,1.28,1.45,-2.06,0.3,3.71
11/30/1959,1.6,1.24,-3.19,0.26,2.23
12/31/1959,2.45,-0.58,-0.06,0.34,1.03
1/31/1960,-6.98,2.08,2.73,0.33,-3.54
2/29/1960,1.17,0.51,-1.91,0.29,3.92
3/31/1960,-1.63,-0.48,-2.88,0.35,1.38
4/30/1960,-1.71,0.33,-2.26,0.19,2.84
5/31/1960,3.12,1.22,-3.64,0.27,4.79
6/30/1960,2.08,-0.19,-0.21,0.24,0.86
7/31/1960,-2.37,-0.47,1.96,0.13,-0.88
8/31/1960,3.01,0.85,-0.22,0.17,1.91
9/30/1960,-5.99,-1.09,1.6,0.16,0.32
10/31/1960,-0.71,-4.07,2.74,0.22,1.25
11/30/1960,4.69,0.37,-2.43,0.13,3.78
12/31/1960,4.71,-1.53,-0.8,0.16,1.41
1/31/1961,6.2,0.72,3.67,0.19,-4
2/28/1961,3.57,3.94,-0.65,0.14,0.98
3/31/1961,2.89,3.33,-0.74,0.2,4.54
4/30/1961,0.29,0.07,2.05,0.17,3.6
5/31/1961,2.4,1.99,0.43,0.18,-1.57
6/30/1961,-3.08,-2.48,-0.17,0.2,0.33
7/31/1961,2.83,-1.84,-0.18,0.18,0.27
8/31/1961,2.57,-1.77,-0.27,0.14,1.59
9/30/1961,-2.15,-1.05,-0.64,0.17,0.82
10/31/1961,2.57,-1.54,-0.01,0.19,3.11
11/30/1961,4.45,1.22,-1.17,0.15,1.35
12/31/1961,-0.18,-0.9,1.87,0.19,-2.21
1/31/1962,-3.87,1.82,5.07,0.24,-2.03
2/28/1962,1.81,-1.2,0.91,0.2,-1.01
3/31/1962,-0.68,0.48,-1.33,0.2,1.84
4/30/1962,-6.59,-0.69,0.02,0.22,2.91
5/31/1962,-8.65,-3.35,2.81,0.24,0.41
6/30/1962,-8.47,-0.63,2.6,0.2,6.46
7/31/1962,6.28,1.63,-3.57,0.27,0.68
8/31/1962,2.13,1.25,-1.21,0.23,-0.6
9/30/1962,-5.22,-2.48,1.34,0.21,3.95
10/31/1962,-0.05,-4.01,1.35,0.25,0.76
11/30/1962,10.87,2.59,0.99,0.2,-7.16
12/31/1962,1.01,-3.8,0.35,0.23,5.89
1/31/1963,4.93,3.12,2.17,0.25,-2.11
2/28/1963,-2.38,0.46,2.2,0.23,2.53
3/31/1963,3.08,-2.48,1.9,0.23,1.62
4/30/1963,4.51,-1.35,1,0.25,-0.09
5/31/1963,1.76,1.07,2.61,0.24,0.33
6/30/1963,-2,-0.29,0.77,0.23,1.21
7/31/1963,-0.39,-0.53,-0.89,0.27,0.97
8/31/1963,5.07,-0.89,1.68,0.25,1.01
9/30/1963,-1.57,-0.35,0.08,0.27,0.19
10/31/1963,2.53,-0.56,-0.14,0.29,3.12
11/30/1963,-0.85,-1.17,1.81,0.27,-0.74
12/31/1963,1.83,-2.11,-0.08,0.29,1.75
1/31/1964,2.24,-0.14,1.47,0.3,0.86
2/29/1964,1.54,0.13,2.74,0.26,0.26
3/31/1964,1.41,0.99,3.36,0.31,0.75
4/30/1964,0.1,-1.44,-0.58,0.29,-0.58
5/31/1964,1.42,-0.86,1.82,0.26,2.57
6/30/1964,1.27,-0.1,0.63,0.3,0.46
7/31/1964,1.74,0.22,0.75,0.3,-0.32
8/31/1964,-1.44,0.17,0.08,0.28,-0.22
9/30/1964,2.69,-0.53,1.7,0.28,-0.41
10/31/1964,0.59,0.44,1.17,0.29,0.08
11/30/1964,0,0.69,-1.96,0.29,1.03
12/31/1964,0.03,-0.36,-2.48,0.31,-0.74
1/31/1965,3.54,2.7,0.12,0.28,-1.44
2/28/1965,0.44,3.53,0.11,0.3,0.32
3/31/1965,-1.34,1.88,1.03,0.36,0.15
4/30/1965,3.11,1.15,0.66,0.31,2.63
5/31/1965,-0.77,0.13,-1.61,0.31,0.6
6/30/1965,-5.51,-4.35,0.59,0.35,-3.13
7/31/1965,1.43,0.87,2.14,0.31,4.12
8/31/1965,2.73,2.83,-1.02,0.33,2.58
9/30/1965,2.86,0.64,-0.12,0.31,3.3
10/31/1965,2.6,2.53,1.57,0.31,3.46
11/30/1965,-0.03,4.65,0.1,0.35,4.45
12/31/1965,1.01,2.06,2.02,0.33,0.12
1/31/1966,0.72,3.84,3.53,0.38,5.39
2/28/1966,-1.21,4.38,0.29,0.35,4.57
3/31/1966,-2.51,0.98,-2,0.38,1.42
4/30/1966,2.14,3.41,-0.47,0.34,6.28
5/31/1966,-5.66,-4.6,-1.61,0.41,-4.7
6/30/1966,-1.44,1.04,0.49,0.38,3.25
7/31/1966,-1.63,-0.43,0.99,0.35,-1.4
8/31/1966,-7.91,-3.29,0.44,0.41,-2.14
9/30/1966,-1.06,-1.04,0.51,0.4,-1.84
10/31/1966,3.86,-6.52,2.68,0.45,-5.26
11/30/1966,1.4,4.35,-4.77,0.4,5.72
12/31/1966,0.13,2.09,-1.32,0.4,1.06
1/31/1967,8.15,8.3,2.25,0.43,-6.93
2/28/1967,0.78,3.33,-2.18,0.36,3.52
3/31/1967,3.99,1.42,0.54,0.39,1.53
4/30/1967,3.89,0.62,-2.45,0.32,0.59
5/31/1967,-4.33,1.8,1.18,0.33,0.72
6/30/1967,2.41,5.91,0.85,0.27,6
7/31/1967,4.58,3.1,2.72,0.31,-1.03
8/31/1967,-0.89,0.39,1.52,0.31,-1.38
9/30/1967,3.11,3.02,-2.42,0.32,2.52
10/31/1967,-3.09,1.38,-3.22,0.39,3.67
11/30/1967,0.37,0.16,-1.69,0.36,1.26
12/31/1967,3.05,5.78,-0.63,0.33,3.25
1/31/1968,-4.06,3.89,4.84,0.4,-4.7
2/29/1968,-3.75,-2.96,1.33,0.39,-3.43
3/31/1968,0.2,-1.35,-0.59,0.38,3.23
4/30/1968,9.05,5.66,-1.17,0.43,5.09
5/31/1968,2.28,6.49,0.66,0.45,3.8
6/30/1968,0.69,-0.25,0.83,0.43,-1.9
7/31/1968,-2.72,-1.37,5.39,0.48,-0.88
8/31/1968,1.34,2.32,1,0.42,1.89
9/30/1968,4.03,2.81,0.3,0.43,-0.65
10/31/1968,0.42,-0.48,2.86,0.44,-1.46
11/30/1968,5.43,2.37,-0.93,0.42,1.75
12/31/1968,-3.94,3.4,-0.01,0.43,-0.01
1/31/1969,-1.25,-0.76,1.68,0.53,-0.17
2/28/1969,-5.84,-3.94,0.9,0.46,-2.36
3/31/1969,2.64,-0.26,-0.52,0.46,3.97
4/30/1969,1.46,-0.87,-0.03,0.53,1.13
5/31/1969,-0.1,-0.22,0.72,0.48,1.7
6/30/1969,-7.18,-5.41,-1.09,0.51,-2.3
7/31/1969,-7,-3.22,1.18,0.53,1.7
8/31/1969,4.68,0.89,-3.77,0.5,2.17
9/30/1969,-2.98,1.14,-3.19,0.62,2.52
10/31/1969,5.06,3.87,-3.1,0.6,-4.31
11/30/1969,-3.79,-2.58,-1.21,0.52,3.66
12/31/1969,-2.63,-3.72,-2.84,0.64,4.96
1/31/1970,-8.1,2.95,3.12,0.6,0.6
2/28/1970,5.13,-2.56,3.93,0.62,0.23
3/31/1970,-1.06,-2.3,3.99,0.57,-0.36
4/30/1970,-11,-6.12,6.17,0.5,-0.77
5/31/1970,-6.92,-4.56,3.32,0.53,-2.78
6/30/1970,-5.79,-2.14,0.6,0.58,5.7
7/31/1970,6.93,-0.5,0.91,0.52,-3.14
8/31/1970,4.49,1.53,1.27,0.53,-6.55
9/30/1970,4.18,8.59,-5.52,0.54,-8.8
10/31/1970,-2.28,-4.22,0.21,0.46,9.42
11/30/1970,4.6,-3.94,1.7,0.46,2.73
12/31/1970,5.72,2.92,0.99,0.42,-2.23
1/31/1971,4.84,7.38,1.48,0.38,-6.51
2/28/1971,1.41,1.86,-1.27,0.33,0.79
3/31/1971,4.13,2.61,-4.03,0.3,-1.41
4/30/1971,3.15,-0.48,0.81,0.28,1.41
5/31/1971,-3.98,-1.04,-1.41,0.29,0.86
6/30/1971,-0.1,-1.48,-1.94,0.37,2.73
7/31/1971,-4.5,-1.51,-0.01,0.4,-2.37
8/31/1971,3.79,-0.15,2.64,0.47,3.61
9/30/1971,-0.85,0.51,-2.91,0.37,2.12
10/31/1971,-4.42,-1.74,-0.48,0.37,0.47
11/30/1971,-0.46,-2.78,-1.7,0.37,1.51
12/31/1971,8.71,3.26,-0.41,0.37,-0.58
1/31/1972,2.49,5.88,2.27,0.29,0.17
2/29/1972,2.87,1.31,-2.77,0.25,2.54
3/31/1972,0.63,-0.27,-1.63,0.27,2.94
4/30/1972,0.29,0.08,0.1,0.29,2.81
5/31/1972,1.25,-2.73,-2.72,0.3,3.29
6/30/1972,-2.43,0.24,-2.49,0.29,1.9
7/31/1972,-0.8,-2.87,0.66,0.31,2.7
8/31/1972,3.26,-4.03,4.53,0.29,-5.4
9/30/1972,-1.14,-2.65,0.47,0.34,1.82
10/31/1972,0.52,-2.73,1.35,0.4,0.71
11/30/1972,4.6,-1.2,4.83,0.37,-5.09
12/31/1972,0.62,-1.95,-2.19,0.37,4.92
1/31/1973,-3.29,-3.49,2.68,0.44,3.73
2/28/1973,-4.85,-3.87,1.6,0.41,2.16
3/31/1973,-1.3,-2.82,2.62,0.46,3.59
4/30/1973,-5.68,-3.85,5.42,0.52,6.36
5/31/1973,-2.94,-6.3,0.41,0.51,7.14
6/30/1973,-1.57,-2.85,1.19,0.51,4.3
7/31/1973,5.05,7.97,-5.26,0.64,-11.57
8/31/1973,-3.82,-2.02,1.06,0.7,3.46
9/30/1973,4.75,2.93,2.24,0.68,-7
10/31/1973,-0.83,-0.28,1.6,0.65,6.87
11/30/1973,-12.75,-7.72,3.99,0.56,8.66
12/31/1973,0.61,-5.37,3.94,0.64,10.38
1/31/1974,-0.17,9.72,6,0.63,-8.85
2/28/1974,-0.47,-0.02,2.5,0.58,0.32
3/31/1974,-2.81,2.5,-0.12,0.56,-1.05
4/30/1974,-5.29,-0.74,0.87,0.75,2.11
5/31/1974,-4.68,-2.96,-2.07,0.75,-0.39
6/30/1974,-2.83,-0.17,0.79,0.6,2.31
7/31/1974,-8.05,0.84,5.17,0.7,3.09
8/31/1974,-9.35,-0.72,2.64,0.6,3
9/30/1974,-11.77,0.27,5.59,0.81,4.24
10/31/1974,16.1,-3.46,-9.88,0.51,-0.54
11/30/1974,-4.51,-1.22,-0.2,0.54,2.14
12/31/1974,-3.45,-4.83,0.11,0.7,2.92
1/31/1975,13.66,11.15,8.27,0.58,-13.82
2/28/1975,5.56,0.16,-4.44,0.43,-0.6
3/31/1975,2.66,3.78,2.39,0.41,-2.04
4/30/1975,4.23,-0.66,-1.13,0.44,1.38
5/31/1975,5.19,3.84,-4.1,0.44,-0.58
6/30/1975,4.83,0.86,1.4,0.41,0.02
7/31/1975,-6.59,2.7,1.69,0.48,0.45
8/31/1975,-2.85,-3.24,-0.94,0.48,-0.1
9/30/1975,-4.26,-0.1,0.43,0.53,0.41
10/31/1975,5.31,-4.01,0.27,0.56,-0.16
11/30/1975,2.64,-1.21,2.05,0.41,-0.45
12/31/1975,-1.6,-0.77,1.69,0.48,-0.11
1/31/1976,12.16,4.78,8.57,0.47,4.45
2/29/1976,0.32,7.04,5.82,0.34,0.38
3/31/1976,2.32,-1.18,-0.11,0.4,0.15
4/30/1976,-1.49,-0.11,-0.14,0.42,0.59
5/31/1976,-1.34,-1.23,-1.35,0.37,-1.12
6/30/1976,4.05,-1.3,0.69,0.43,-0.42
7/31/1976,-1.07,0.29,1.73,0.47,-0.13
8/31/1976,-0.56,-2,0.81,0.42,-0.85
9/30/1976,2.07,-0.02,-0.29,0.44,0.22
10/31/1976,-2.42,0.22,-0.18,0.41,-0.44
11/30/1976,0.36,2.32,1.51,0.4,2.89
12/31/1976,5.65,3.03,2.27,0.4,0.73
1/31/1977,-4.05,4.76,4.27,0.36,4.01
2/28/1977,-1.94,1.04,0.47,0.35,0.36
3/31/1977,-1.37,1,1.09,0.38,0.55
4/30/1977,0.15,-0.12,3.38,0.38,4.21
5/31/1977,-1.45,1.18,0.85,0.37,2.03
6/30/1977,4.71,2.09,-0.74,0.4,1.66
7/31/1977,-1.69,2.16,-0.57,0.42,0.36
8/31/1977,-1.75,1.49,-2.73,0.44,-1.7
9/30/1977,-0.27,1.33,-0.46,0.43,2
10/31/1977,-4.38,1.25,1.81,0.49,-0.08
11/30/1977,4,3.72,0.23,0.5,2.01
12/31/1977,0.27,1.32,-0.3,0.49,1.58
1/31/1978,-6.01,2.24,3.36,0.49,-0.66
2/28/1978,-1.38,3.59,0.83,0.46,1.97
3/31/1978,2.85,3.48,1.16,0.53,1.37
4/30/1978,7.88,0.44,-3.57,0.54,0.86
5/31/1978,1.76,4.56,-0.53,0.51,2.83
6/30/1978,-1.69,1.66,0.57,0.54,2.75
7/31/1978,5.11,0.25,-1.11,0.56,4.18
8/31/1978,3.75,5.06,-0.57,0.56,2.83
9/30/1978,-1.43,-0.43,1.86,0.62,-3.14
10/31/1978,-11.91,-9.89,1.39,0.68,-8.46
11/30/1978,2.71,3,-2.14,0.7,5.47
12/31/1978,0.88,1.29,-2.13,0.78,3.03
1/31/1979,4.23,3.62,2.2,0.77,-1.36
2/28/1979,-3.56,0.45,1.14,0.73,-1.06
3/31/1979,5.68,3.22,-0.73,0.81,2.93
4/30/1979,-0.06,2.18,1.08,0.8,0.81
5/31/1979,-2.21,0.19,1.32,0.82,-0.54
6/30/1979,3.85,1.16,1.39,0.81,0.84
7/31/1979,0.82,1.28,1.86,0.77,-1.07
8/31/1979,5.53,2.05,-1.58,0.77,-0.21
9/30/1979,-0.82,-0.27,-0.9,0.83,5.28
10/31/1979,-8.1,-3.37,-1.86,0.87,2.01
11/30/1979,5.21,2.87,-3.28,0.99,8.14
12/31/1979,1.79,4.17,-2.1,0.95,4.78
1/31/1980,5.51,1.62,1.75,0.8,7.55
2/29/1980,-1.22,-1.85,0.61,0.89,7.88
3/31/1980,-12.9,-6.64,-1.01,1.21,-9.55
4/30/1980,3.97,1.05,1.08,1.26,-0.43
5/31/1980,5.26,2.13,0.38,0.81,-1.12
6/30/1980,3.06,1.66,-0.76,0.61,1.62
7/31/1980,6.49,4.14,-6.41,0.53,0.35
8/31/1980,1.8,3.93,-2.61,0.64,3.21
9/30/1980,2.19,0.97,-4.58,0.75,5.39
10/31/1980,1.06,2.5,-2.79,0.95,7.3
11/30/1980,9.59,-3.36,-8.33,0.96,15.22
12/31/1980,-4.52,-0.26,2.79,1.31,-6.68
1/31/1981,-5.04,2.92,6.72,1.04,-7.95
2/28/1981,0.57,-0.34,1.02,1.07,-1.35
3/31/1981,3.56,3.54,0.64,1.21,0.74
4/30/1981,-2.11,4.4,2.28,1.08,-0.91
5/31/1981,0.11,2,-0.42,1.15,3.7
6/30/1981,-2.36,-0.83,5.13,1.35,-5.81
7/31/1981,-1.54,-2.18,-0.49,1.24,-2.45
8/31/1981,-7.04,-1.94,4.79,1.28,-1.15
9/30/1981,-7.17,-2.65,5.17,1.24,1.95
10/31/1981,4.92,2.23,-4.21,1.21,4.01
11/30/1981,3.36,-1.03,1.85,1.07,-0.27
12/31/1981,-3.65,1.2,0.82,0.87,1.3
1/31/1982,-3.24,-1.28,3.19,0.8,1.72
2/28/1982,-5.86,0.44,6.05,0.92,4.88
3/31/1982,-1.87,-0.21,3.83,0.98,2.96
4/30/1982,3.27,1.47,-2.7,1.13,-0.4
5/31/1982,-3.99,0.52,1.76,1.06,2.5
6/30/1982,-3.09,-0.4,1.55,0.96,4.96
7/31/1982,-3.19,0.83,0.09,1.05,4.44
8/31/1982,11.14,-4.13,0.93,0.76,-3.52
9/30/1982,1.29,2.96,0.27,0.51,4.19
10/31/1982,11.3,2.35,-3.67,0.59,0.18
11/30/1982,4.67,4.66,-1.85,0.63,5.94
12/31/1982,0.55,-0.25,0.01,0.67,0.04
1/31/1983,3.6,2.71,-0.71,0.69,-1.74
2/28/1983,2.59,3.28,0.7,0.62,3.78
3/31/1983,2.82,1.74,2.01,0.63,0.93
4/30/1983,6.67,0.49,0.51,0.71,1.72
5/31/1983,0.52,6.26,-1.42,0.69,-1.56
6/30/1983,3.07,0.95,-3.91,0.67,1.8
7/31/1983,-4.07,1.49,5.62,0.74,-3.11
8/31/1983,-0.5,-4.27,5.54,0.76,-5.43
9/30/1983,0.91,0.62,1.01,0.76,-0.03
10/31/1983,-3.44,-3.57,4.97,0.76,-4.52
11/30/1983,2.16,2.02,-0.73,0.7,-0.13
12/31/1983,-1.78,-0.27,1.7,0.73,0.84
1/31/1984,-1.92,-0.37,7.57,0.76,-2.56
2/29/1984,-4.82,-1.69,3.34,0.71,0.22
3/31/1984,0.63,0.07,0.47,0.73,1.07
4/30/1984,-0.51,-1.16,1.19,0.81,2.07
5/31/1984,-5.97,0.07,0.29,0.78,1.51
6/30/1984,1.82,-0.31,-2.66,0.75,-0.7
7/31/1984,-2.74,-2.21,0.33,0.82,2.83
8/31/1984,10.28,-0.24,-1.8,0.83,-5.59
9/30/1984,-0.8,0.18,5.23,0.86,3.62
10/31/1984,-0.84,-1.23,0.47,1,3.15
11/30/1984,-1.76,-0.63,4.04,0.73,1.64
12/31/1984,1.84,-0.56,-0.25,0.64,1.49
1/31/1985,7.99,3.3,-5.33,0.65,-6.82
2/28/1985,1.22,0.8,-0.1,0.58,1.88
3/31/1985,-0.84,-1.07,4.07,0.62,1.58
4/30/1985,-0.96,0.15,3.72,0.72,3.04
5/31/1985,5.09,-2.22,-0.94,0.66,3.99
6/30/1985,1.27,0.52,0.41,0.55,3.57
7/31/1985,-0.74,2.85,-1.6,0.62,-3.91
8/31/1985,-1.02,-0.31,2.28,0.55,1.85
9/30/1985,-4.54,-1.59,1.29,0.6,1.51
10/31/1985,4.02,-1.51,0.75,0.65,4.88
11/30/1985,6.48,0.25,-2.84,0.61,-0.47
12/31/1985,3.88,-0.51,-1.54,0.65,-0.23
1/31/1986,0.65,1.21,0.44,0.56,3
2/28/1986,7.13,-0.56,-0.77,0.53,2.76
3/31/1986,4.88,-0.58,-0.37,0.6,2.41
4/30/1986,-1.31,2.78,-2.86,0.52,-0.36
5/31/1986,4.62,-1.35,-0.21,0.49,2.05
6/30/1986,1.03,-0.95,1.3,0.52,5.07
7/31/1986,-6.45,-3.36,4.7,0.52,1.85
8/31/1986,6.07,-4.17,3.51,0.46,-5.28
9/30/1986,-8.6,2.36,3.22,0.45,-5.79
10/31/1986,4.66,-2.5,-1.42,0.46,4.46
11/30/1986,1.17,-1.91,-0.07,0.39,-0.26
12/31/1986,-3.27,0.13,0.36,0.49,0.35
1/31/1987,12.47,-1.81,-3.16,0.42,2.2
2/28/1987,4.39,3.49,-5.91,0.43,-2.07
3/31/1987,1.64,0.45,1.61,0.47,1.68
4/30/1987,-2.11,-1.69,-0.39,0.44,0.22
5/31/1987,0.11,-0.5,0.23,0.38,-0.74
6/30/1987,3.94,-2.12,1.04,0.48,-0.25
7/31/1987,3.85,-0.66,0.73,0.46,2.66
8/31/1987,3.52,-0.77,-0.95,0.47,-0.86
9/30/1987,-2.59,0.56,0.3,0.45,0.77
10/31/1987,-23.24,-8.4,4.23,0.6,-7.86
11/30/1987,-7.77,2.75,2.96,0.35,-1.17
12/31/1987,6.81,0.12,-4.39,0.39,5.87
1/31/1988,4.21,-0.76,4.95,0.29,-7.27
2/29/1988,4.75,3.34,-1.69,0.46,-1.47
3/31/1988,-2.27,6.14,0.74,0.44,0.58
4/30/1988,0.56,0.98,1.63,0.46,2.24
5/31/1988,-0.29,-2.61,2.42,0.51,0.63
6/30/1988,4.79,2.1,-1.22,0.49,-2.93
7/31/1988,-1.25,-0.26,2.17,0.51,0.65
8/31/1988,-3.31,0.04,2.1,0.59,0.35
9/30/1988,3.3,-1.3,-0.75,0.62,0.27
10/31/1988,1.15,-2.92,1.69,0.61,1.33
11/30/1988,-2.29,-1.71,1.3,0.57,0.33
12/31/1988,1.49,1.97,-1.61,0.63,0.49
1/31/1989,6.1,-2.22,0.62,0.55,-0.16
2/28/1989,-2.25,2.82,0.93,0.61,0.99
3/31/1989,1.57,0.67,0.54,0.67,3.51
4/30/1989,4.33,-0.68,-1.4,0.67,1.77
5/31/1989,3.35,-0.05,-0.87,0.79,1.52
6/30/1989,-1.35,-1.02,2.23,0.71,0.43
7/31/1989,7.2,-4.16,-2.79,0.7,5.39
8/31/1989,1.44,0.56,0.6,0.74,-0.12
9/30/1989,-0.76,0.32,-1.27,0.65,3.4
10/31/1989,-3.67,-3.24,-1.11,0.68,1.32
11/30/1989,1.03,-1.24,-1.09,0.69,2.6
12/31/1989,1.16,-2.37,0.16,0.61,2.8
1/31/1990,-7.85,-1.25,0.85,0.57,-3.27
2/28/1990,1.11,0.97,0.64,0.57,-0.54
3/31/1990,1.83,1.46,-2.92,0.64,1.8
4/30/1990,-3.36,-0.45,-2.59,0.69,2.39
5/31/1990,8.42,-2.56,-3.83,0.68,3.03
6/30/1990,-1.09,1.36,-1.93,0.63,2.4
7/31/1990,-1.9,-3.09,-0.04,0.68,6.14
8/31/1990,-10.15,-3.56,1.6,0.66,1.88
9/30/1990,-6.12,-3.67,0.61,0.6,5.78
10/31/1990,-1.92,-5.53,0,0.68,6.71
11/30/1990,6.35,0.45,-2.97,0.57,-5.48
12/31/1990,2.46,0.82,-1.63,0.6,0.29
1/31/1991,4.69,3.83,-1.57,0.52,-6.45
2/28/1991,7.19,3.99,-0.63,0.48,-4.61
3/31/1991,2.65,3.9,-1.3,0.44,2.87
4/30/1991,-0.28,0.48,1.45,0.53,-2.36
5/31/1991,3.65,-0.4,-0.49,0.47,-0.11
6/30/1991,-4.94,0.15,1.07,0.42,0.47
7/31/1991,4.24,-0.91,-1.32,0.49,4.22
8/31/1991,2.32,1.59,-0.78,0.46,1.57
9/30/1991,-1.59,1.64,-1.07,0.46,1.79
10/31/1991,1.29,0.81,-0.46,0.42,3.06
11/30/1991,-4.19,-0.5,-1.88,0.39,1.14
12/31/1991,10.84,-2.24,-4.18,0.38,8.19
1/31/1992,-0.59,8.46,4.7,0.34,-2.49
2/29/1992,1.09,0.87,6.47,0.28,-0.53
3/31/1992,-2.66,-1.04,3.55,0.34,-0.29
4/30/1992,1.07,-6.06,4.32,0.32,-2.58
5/31/1992,0.3,0.41,1.19,0.28,0.21
6/30/1992,-2.34,-3.07,3.25,0.32,-0.58
7/31/1992,3.77,-0.51,-0.55,0.31,1.59
8/31/1992,-2.38,-0.14,-1.08,0.26,-0.51
9/30/1992,1.19,0.49,-0.23,0.26,1.5
10/31/1992,1.02,2.1,-1.98,0.23,2.48
11/30/1992,4.13,3.79,-1.42,0.23,-0.15
12/31/1992,1.53,1.67,2.65,0.28,4.32
1/31/1993,0.93,1.85,5.95,0.23,4.84
2/28/1993,0.12,-3.49,6.44,0.22,3.14
3/31/1993,2.3,0.23,1.19,0.25,3.73
4/30/1993,-3.05,-0.68,2.48,0.24,0.38
5/31/1993,2.89,2.08,-3.5,0.22,0.22
6/30/1993,0.31,-0.26,2.72,0.25,4.55
7/31/1993,-0.34,0.9,2.82,0.24,3.19
8/31/1993,3.71,0.14,0.14,0.25,2.65
9/30/1993,-0.12,2.98,-0.35,0.26,3.37
10/31/1993,1.41,2.03,-2.78,0.22,-2.72
11/30/1993,-1.89,-1.13,-0.66,0.25,-4.73
12/31/1993,1.65,1.2,0.27,0.23,2.36
1/31/1994,2.87,0.51,1.28,0.25,0
2/28/1994,-2.55,2.8,-1.56,0.21,-0.3
3/31/1994,-4.78,-1.14,1.55,0.27,-1.27
4/30/1994,0.68,-0.92,1.66,0.27,0.39
5/31/1994,0.58,-2.12,0.7,0.31,-2.19
6/30/1994,-3.03,-0.4,1.67,0.31,-0.87
7/31/1994,2.82,-1.76,0.57,0.28,0.1
8/31/1994,4.01,1.43,-2.5,0.37,1.55
9/30/1994,-2.31,3.11,-1.84,0.37,1.31
10/31/1994,1.34,-2.26,-1.63,0.38,1.49
11/30/1994,-4.04,0.31,-0.73,0.37,-0.18
12/31/1994,0.86,0.19,-0.09,0.44,3.48
1/31/1995,1.8,-3.44,2.51,0.42,-1.81
2/28/1995,3.63,-0.66,1.09,0.4,-0.39
3/31/1995,2.19,-0.21,-2.08,0.46,0.43
4/30/1995,2.11,-0.49,1.7,0.44,1.79
5/31/1995,2.9,-2.52,2.27,0.54,-0.42
6/30/1995,2.72,3.15,-2.54,0.47,2.93
7/31/1995,3.72,2.06,-1.59,0.45,2.57
8/31/1995,0.55,1.36,2.81,0.47,0.16
9/30/1995,3.35,-2.2,-0.05,0.43,2.91
10/31/1995,-1.52,-3.8,-0.51,0.47,4.16
11/30/1995,3.96,-1.11,0.58,0.42,-0.68
12/31/1995,1.03,0.72,0.18,0.49,2.52
1/31/1996,2.26,-2.73,0.4,0.43,0.54
2/29/1996,1.33,1.78,-1.07,0.39,0.59
3/31/1996,0.73,1.51,0.36,0.39,-1.84
4/30/1996,2.06,5.22,-4.05,0.46,-0.88
5/31/1996,2.36,3.18,-0.89,0.42,1.54
6/30/1996,-1.14,-3.99,2.38,0.4,0.98
7/31/1996,-5.97,-4.31,5.14,0.45,-0.17
8/31/1996,2.77,2.46,-0.74,0.41,0.01
9/30/1996,5.01,-0.98,-2.7,0.44,2.7
10/31/1996,0.86,-4.44,4.94,0.42,3.79
11/30/1996,6.25,-4.05,1.39,0.41,-2.37
12/31/1996,-1.7,3.17,1.32,0.46,0.63
1/31/1997,4.98,-1.93,-1.46,0.45,1.95
2/28/1997,-0.49,-3.2,5.69,0.39,-2.13
3/31/1997,-5.02,-0.35,3.4,0.43,0.9
4/30/1997,4.04,-5.78,0.07,0.43,4.86
5/31/1997,6.74,5.19,-4.12,0.49,-5.17
6/30/1997,4.1,1.24,1.59,0.37,2.6
7/31/1997,7.33,-2.73,0.29,0.43,3.79
8/31/1997,-4.15,7.31,1.2,0.41,-2.56
9/30/1997,5.35,2.53,0.38,0.44,1.47
10/31/1997,-3.8,-0.77,2.25,0.42,-0.57
11/30/1997,2.98,-5.13,1.19,0.39,0.33
12/31/1997,1.32,-2.47,3.86,0.48,3.98
1/31/1998,0.15,-1.06,-1.59,0.43,0.14
2/28/1998,7.04,0.34,-0.85,0.39,-1.12
3/31/1998,4.76,-1.11,1.41,0.39,2.15
4/30/1998,0.73,0.02,0.9,0.43,0.74
5/31/1998,-3.07,-3.35,3.4,0.4,1.82
6/30/1998,3.18,-3.23,-1.96,0.41,7.28
7/31/1998,-2.46,-4.91,-1.76,0.4,3.74
8/31/1998,-16.08,-5.68,3.6,0.43,1.84
9/30/1998,6.15,0.1,-3.37,0.46,-0.81
10/31/1998,7.13,-3.12,-2.29,0.32,-5.37
11/30/1998,6.1,1.2,-3.23,0.31,1.2
12/31/1998,6.16,-0.51,-4.18,0.38,8.91
1/31/1999,3.5,0.78,-4.62,0.35,3.03
2/28/1999,-4.08,-6.06,1.88,0.35,-0.1
3/31/1999,3.45,-3.77,-2.77,0.43,-1.27
4/30/1999,4.33,3.95,2.41,0.37,-9.04
5/31/1999,-2.46,3.37,2.3,0.34,-5.19
6/30/1999,4.77,3.14,-3.27,0.4,5.06
7/31/1999,-3.49,2.6,-0.42,0.38,1.66
8/31/1999,-1.38,-0.94,-1.84,0.39,3.12
9/30/1999,-2.79,3.44,-3.48,0.39,6.47
10/31/1999,6.12,-6.61,-3.37,0.39,5.5
11/30/1999,3.37,7.22,-6.16,0.36,5.64
12/31/1999,7.72,6.99,-8.32,0.44,13.22
1/31/2000,-4.74,5.79,-1.89,0.41,1.92
2/29/2000,2.45,21.48,-9.81,0.43,18.2
3/31/2000,5.2,-17.29,8.23,0.47,-6.83
4/30/2000,-6.4,-6.63,7.25,0.46,-8.39
5/31/2000,-4.42,-6.11,4.83,0.5,-8.98
6/30/2000,4.64,12.8,-8.41,0.4,16.61
7/31/2000,-2.51,-3.08,8.33,0.48,-0.1
8/31/2000,7.03,-0.63,-1.37,0.5,5.73
9/30/2000,-5.45,-1.73,7.17,0.51,1.97
10/31/2000,-2.76,-3.93,5.64,0.56,-4.48
11/30/2000,-10.72,-3.39,12.34,0.51,-2.32
12/31/2000,1.19,0.73,7.6,0.5,6.74
1/31/2001,3.13,6.68,-5.11,0.54,-25.3
2/28/2001,-10.05,-0.74,12.48,0.38,12.57
3/31/2001,-7.26,0.27,6.43,0.42,8.55
4/30/2001,7.94,0.56,-4.69,0.39,-7.9
5/31/2001,0.72,2.5,3.36,0.32,2.21
6/30/2001,-1.94,6.27,-1.13,0.28,0.38
7/31/2001,-2.13,-4.19,5.21,0.3,5.58
8/31/2001,-6.46,2.48,2.3,0.31,5.53
9/30/2001,-9.25,-6.25,1.46,0.28,11.48
10/31/2001,2.46,7.49,-7.66,0.22,-8.47
11/30/2001,7.54,-0.47,2.22,0.17,-8.69
12/31/2001,1.6,4.73,0.85,0.15,0.07
1/31/2002,-1.44,1.19,3.44,0.14,3.75
2/28/2002,-2.29,-1,2.16,0.13,6.82
3/31/2002,4.24,4.21,1.07,0.13,-1.64
4/30/2002,-5.2,5.96,3.88,0.15,7.63
5/31/2002,-1.38,-3.21,1.53,0.14,3.16
6/30/2002,-7.21,4.28,-0.03,0.13,6.03
7/31/2002,-8.18,-5.26,-3.87,0.15,3.74
8/31/2002,0.5,-2.87,3.31,0.14,1.9
9/30/2002,-10.35,2.43,1.44,0.14,9.13
10/31/2002,7.84,-3.41,-3.95,0.14,-5.58
11/30/2002,5.96,3.23,-1.27,0.12,-16.33
12/31/2002,-5.76,0.11,2.13,0.11,9.64
1/31/2003,-2.57,1.3,-0.73,0.1,1.55
2/28/2003,-1.88,-0.46,-1.38,0.09,1.17
3/31/2003,1.09,1.04,-1.93,0.1,1.48
4/30/2003,8.22,0.67,1.17,0.1,-9.33
5/31/2003,6.05,4.71,0.53,0.09,-10.7
6/30/2003,1.42,1.74,0.19,0.1,-1
7/31/2003,2.35,5.11,-1.19,0.07,-0.32
8/31/2003,2.34,2.62,1.54,0.07,-0.62
9/30/2003,-1.24,0.8,0.1,0.08,-0.19
10/31/2003,6.08,2.63,1.92,0.07,3.99
11/30/2003,1.35,2,1.81,0.07,1.46
12/31/2003,4.29,-2.71,1.6,0.08,-5.57
1/31/2004,2.15,2.54,2.46,0.07,2.58
2/29/2004,1.4,-1.52,0.87,0.06,-1.14
3/31/2004,-1.32,1.75,0.23,0.09,0.17
4/30/2004,-1.83,-1.74,-3.02,0.08,-5.38
5/31/2004,1.17,-0.25,-0.23,0.06,1.5
6/30/2004,1.86,2.28,1.23,0.08,2.05
7/31/2004,-4.06,-3.8,3.22,0.1,-2.28
8/31/2004,0.08,-1.49,1,0.11,-1.59
9/30/2004,1.6,3.02,-0.02,0.11,5.49
10/31/2004,1.43,0.15,-0.25,0.11,-1.38
11/30/2004,4.54,3.73,1.45,0.15,3.16
12/31/2004,3.43,-0.03,-0.21,0.16,-2.87
1/31/2005,-2.76,-1.72,2.07,0.16,3.05
2/28/2005,1.89,-0.57,1.54,0.16,3.37
3/31/2005,-1.97,-1.4,2.05,0.21,0.41
4/30/2005,-2.61,-3.93,0.05,0.21,-0.69
5/31/2005,3.65,2.88,-0.59,0.24,0.45
6/30/2005,0.57,2.59,2.81,0.23,2.05
7/31/2005,3.92,2.9,-0.78,0.24,0.06
8/31/2005,-1.22,-0.98,1.34,0.3,2.08
9/30/2005,0.49,-0.67,0.69,0.29,3.43
10/31/2005,-2.02,-1.23,0.41,0.27,-1.39
11/30/2005,3.61,0.99,-1.2,0.31,0.35
12/31/2005,-0.25,-0.41,0.22,0.32,0.77
1/31/2006,3.04,5.42,1.09,0.35,2.53
2/28/2006,-0.3,-0.4,-0.37,0.34,-1.84
3/31/2006,1.46,3.45,0.55,0.37,1.26
4/30/2006,0.73,-1.43,2.34,0.36,0.61
5/31/2006,-3.57,-2.98,2.39,0.43,-3.7
6/30/2006,-0.35,-0.38,0.8,0.4,1.54
7/31/2006,-0.78,-3.99,2.62,0.4,-2.13
8/31/2006,2.03,1.01,-2.04,0.42,-3.38
9/30/2006,1.84,-1.34,0.06,0.41,-0.96
10/31/2006,3.23,1.72,-0.26,0.41,-0.2
11/30/2006,1.71,0.72,0.11,0.42,-1.03
12/31/2006,0.87,-1.13,2.71,0.4,0.79
1/31/2007,1.4,0.14,-0.7,0.44,0.24
2/28/2007,-1.96,1.18,-0.12,0.38,-1.35
3/31/2007,0.68,0.15,-0.94,0.43,2.56
4/30/2007,3.49,-2.17,-1.43,0.44,-0.24
5/31/2007,3.24,0.23,-0.62,0.41,-0.34
6/30/2007,-1.96,0.76,-1.07,0.4,0.51
7/31/2007,-3.73,-2.61,-3.73,0.4,2.94
8/31/2007,0.92,-0.14,-1.89,0.42,0.1
9/30/2007,3.22,-2.22,-2.23,0.32,4.63
10/31/2007,1.8,0.12,-3.11,0.32,5.02
11/30/2007,-4.83,-2.93,-0.94,0.34,0.99
12/31/2007,-0.87,0.16,-0.52,0.27,6.63
1/31/2008,-6.36,-0.98,4.01,0.21,-7.75
2/29/2008,-3.09,-0.41,-0.84,0.13,6.1
3/31/2008,-0.93,0.77,0.35,0.17,4.27
4/30/2008,4.6,-1.72,-1.09,0.18,-0.31
5/31/2008,1.86,2.95,-1.53,0.18,3.31
6/30/2008,-8.44,1.24,-2.7,0.17,12.75
7/31/2008,-0.77,2.56,5.27,0.15,-5.07
8/31/2008,1.53,3.5,1.48,0.13,-4.02
9/30/2008,-9.24,-1.24,5.9,0.15,0.28
10/31/2008,-17.23,-2.52,-2.22,0.08,7.85
11/30/2008,-7.86,-2.87,-6.3,0.03,7.17
12/31/2008,1.74,3.49,0.07,0,-5.09
1/31/2009,-8.12,0.18,-11.11,0,-2.18
2/28/2009,-10.1,0.13,-6.91,0.01,4.41
3/31/2009,8.95,0,3.34,0.02,-11.87
4/30/2009,10.18,5.28,5.26,0.01,-34.3
5/31/2009,5.21,-2.52,0.37,0,-12.49
6/30/2009,0.43,2.66,-2.72,0.01,5.48
7/31/2009,7.72,1.87,4.84,0.01,-5.58
8/31/2009,3.33,-1.08,7.63,0.01,-9.07
9/30/2009,4.08,2.43,1.04,0.01,-4.79
10/31/2009,-2.59,-4.34,-4.2,0,2.61
11/30/2009,5.56,-2.39,-0.33,0,0.3
12/31/2009,2.75,6.04,-0.17,0.01,3.02
1/31/2010,-3.36,0.4,0.43,0,-5.4
2/28/2010,3.4,1.19,3.22,0,3.74
3/31/2010,6.31,1.48,2.21,0.01,3.76
4/30/2010,2,4.87,2.89,0.01,3.16
5/31/2010,-7.89,0.09,-2.44,0.01,-0.25
6/30/2010,-5.57,-1.81,-4.7,0.01,-2.76
7/31/2010,6.93,0.24,-0.3,0.01,1.83
8/31/2010,-4.77,-2.95,-1.96,0.01,-0.06
9/30/2010,9.54,3.96,-3.17,0.01,1.41
10/31/2010,3.88,1.21,-2.49,0.01,1.58
11/30/2010,0.6,3.77,-0.88,0.01,2.66
12/31/2010,6.82,0.67,3.78,0.01,-3.03
1/31/2011,1.99,-2.44,0.77,0.01,-0.29
2/28/2011,3.49,1.47,1.24,0.01,1.99
3/31/2011,0.46,2.56,-1.88,0.01,3.4
4/30/2011,2.9,-0.32,-2.48,0,0.04
5/31/2011,-1.27,-0.65,-2,0,-0.62
6/30/2011,-1.75,-0.14,-0.38,0,1.78
7/31/2011,-2.35,-1.29,-0.91,0,0.16
8/31/2011,-5.99,-3.07,-2.4,0.01,-0.28
9/30/2011,-7.59,-3.33,-1.75,0,-2.42
10/31/2011,11.35,3.3,0.12,0,-1.43
11/30/2011,-0.28,-0.17,-0.46,0,3.85
12/31/2011,0.74,-0.6,1.61,0,1.81
1/31/2012,5.05,2.06,-0.94,0,-7.93
2/29/2012,4.42,-1.86,0.43,0,-0.29
3/31/2012,3.11,-0.66,1.12,0,1.3
4/30/2012,-0.85,-0.41,-0.77,0,3.75
5/31/2012,-6.19,0.09,-1.06,0.01,6.49
6/30/2012,3.89,0.64,0.59,0,-1.06
7/31/2012,0.79,-2.72,-0.12,0,3.02
8/31/2012,2.55,0.48,1.3,0.01,-2.37
9/30/2012,2.73,0.54,1.58,0.01,-1.14
10/31/2012,-1.76,-1.17,3.56,0.01,0.14
11/30/2012,0.78,0.61,-0.83,0.01,0.49
12/31/2012,1.18,1.52,3.53,0.01,-2.86
1/31/2013,5.57,0.31,0.95,0,-1.79
2/28/2013,1.29,-0.33,0.1,0,1.29
3/31/2013,4.03,0.83,-0.23,0,1.92
4/30/2013,1.55,-2.36,0.5,0,0.22
5/31/2013,2.8,1.72,2.67,0,-2.02
6/30/2013,-1.2,1.32,0.05,0,0.52
7/31/2013,5.65,1.87,0.57,0,1.75
8/31/2013,-2.71,0.26,-2.68,0,0.02
9/30/2013,3.77,2.9,-1.23,0,3.07
10/31/2013,4.18,-1.56,1.26,0,0.08
11/30/2013,3.13,1.29,0.28,0,0.44
12/31/2013,2.81,-0.46,-0.01,0,0.02
1/31/2014,-3.32,0.92,-2.02,0,1.71
2/28/2014,4.65,0.37,-0.31,0,2.07
3/31/2014,0.43,-1.87,4.92,0,-3.29
4/30/2014,-0.19,-4.2,1.14,0,-3.89
5/31/2014,2.06,-1.89,-0.13,0,0.88
6/30/2014,2.61,3.09,-0.69,0,0.69
7/31/2014,-2.04,-4.28,0.02,0,-0.14
8/31/2014,4.24,0.38,-0.43,0,0.82
9/30/2014,-1.97,-3.72,-1.35,0,0.5
10/31/2014,2.52,4.22,-1.83,0,-0.06
11/30/2014,2.55,-2.05,-3.09,0,0.68
12/31/2014,-0.06,2.49,2.27,0,1.12
1/31/2015,-3.11,-0.54,-3.61,0,3.85
2/28/2015,6.13,0.6,-1.86,0,-2.8
3/31/2015,-1.12,3.07,-0.41,0,2.74
4/30/2015,0.59,-3.04,1.83,0,-7.27
5/31/2015,1.36,0.92,-1.12,0,5.83
6/30/2015,-1.53,2.9,-0.78,0,3.02
7/31/2015,1.54,-4.2,-4.07,0,10.06
8/31/2015,-6.04,0.36,2.8,0,-2.08
9/30/2015,-3.07,-2.63,0.58,0,5.24
10/31/2015,7.75,-1.87,-0.45,0,-3.26
11/30/2015,0.56,3.6,-0.38,0,2.29
12/31/2015,-2.17,-2.81,-2.59,0.01,3.35
1/31/2016,-5.77,-3.39,2.07,0.01,1.39
2/29/2016,-0.08,0.81,-0.57,0.02,-4.26
3/31/2016,6.96,0.75,1.1,0.02,-5.04
4/30/2016,0.92,0.67,3.21,0.01,-6.07
5/31/2016,1.78,-0.19,-1.65,0.01,1.37
6/30/2016,-0.05,0.59,-1.45,0.02,4.13
7/31/2016,3.95,2.51,-1.29,0.02,-3.32
8/31/2016,0.5,1.17,3.11,0.02,-3.49
9/30/2016,0.25,2.13,-1.21,0.02,0.15
10/31/2016,-2.02,-4.41,4.12,0.02,0.6
11/30/2016,4.86,5.67,8.21,0.01,-4.62
12/31/2016,1.81,0.09,3.6,0.03,-0.25
1/31/2017,1.94,-1.13,-2.74,0.04,-0.94
2/28/2017,3.57,-2.04,-1.67,0.04,-1.6
3/31/2017,0.17,1.13,-3.33,0.03,-1.03
4/30/2017,1.09,0.72,-2.13,0.05,0.48
5/31/2017,1.06,-2.52,-3.75,0.06,1.5
6/30/2017,0.78,2.23,1.49,0.06,-0.09
7/31/2017,1.87,-1.46,-0.22,0.07,1.62
8/31/2017,0.16,-1.65,-2.07,0.09,3.29
9/30/2017,2.51,4.45,3.09,0.09,-1.32
10/31/2017,2.25,-1.93,0.22,0.09,4.28
11/30/2017,3.12,-0.56,-0.05,0.08,-0.87
12/31/2017,1.06,-1.32,0.03,0.09,-1.55
1/31/2018,5.58,-3.18,-1.36,0.11,4.05
2/28/2018,-3.65,0.26,-1.03,0.11,3.57
3/31/2018,-2.35,4.06,-0.23,0.12,-1.14
4/30/2018,0.29,1.1,0.48,0.14,0.36
5/31/2018,2.65,5.31,-3.13,0.14,3.87
6/30/2018,0.48,1.13,-2.33,0.14,-2.33
7/31/2018,3.19,-2.25,0.45,0.16,-1.43
8/31/2018,3.44,1.14,-3.98,0.16,5.28
9/30/2018,0.06,-2.3,-1.7,0.15,0.03
10/31/2018,-7.68,-4.82,3.43,0.19,-2.06
11/30/2018,1.69,-0.68,0.26,0.18,-1.41
12/31/2018,-9.55,-2.42,-1.9,0.19,2.12
1/31/2019,8.41,2.9,-0.44,0.21,-8.65
2/28/2019,3.4,2.04,-2.68,0.18,0.85
3/31/2019,1.1,-2.98,-4.05,0.19,2.16
4/30/2019,3.96,-1.74,2.17,0.21,-2.96
5/31/2019,-6.94,-1.34,-2.37,0.21,7.56
6/30/2019,6.93,0.25,-0.71,0.18,-2.23
7/31/2019,1.19,-1.94,0.42,0.19,2.9
8/31/2019,-2.58,-2.32,-4.95,0.16,7.47
9/30/2019,1.43,-0.97,6.83,0.18,-6.81
10/31/2019,2.06,0.28,-1.93,0.15,0.19
11/30/2019,3.87,0.8,-2.02,0.12,-2.63
12/31/2019,2.77,0.72,1.79,0.14,-1.88
1/31/2020,-0.11,-3.13,-6.24,0.13,6.03
2/29/2020,-8.13,1.03,-3.79,0.12,-0.36
3/31/2020,-13.38,-4.89,-14.02,0.12,8.16
4/30/2020,13.65,2.47,-1.18,0,-5.39
5/31/2020,5.58,2.45,-4.8,0.01,0.35
6/30/2020,2.46,2.69,-2.04,0.01,-0.78
7/31/2020,5.77,-2.27,-1.46,0.01,7.61
8/31/2020,7.63,-0.22,-2.93,0.01,0.41
9/30/2020,-3.63,-0.04,-2.66,0.01,3.17
10/31/2020,-2.1,4.39,4.19,0.01,-3.1
11/30/2020,12.47,5.74,1.99,0.01,-12.45
12/31/2020,4.63,4.83,-1.56,0.01,-2.26
1/31/2021,-0.03,7.18,2.94,0,4.52
2/28/2021,2.78,1.97,7.2,0,-7.93
3/31/2021,3.08,-2.37,7.32,0,-6.11
4/30/2021,4.93,-3.13,-0.99,0,1.14
5/31/2021,0.29,-0.24,7.03,0,0.88
6/30/2021,2.75,1.75,-7.81,0,2.24
7/31/2021,1.27,-3.96,-1.75,0,-2.29
8/31/2021,2.9,-0.48,-0.13,0,2.52
9/30/2021,-4.37,0.8,5.09,0,1.57
10/31/2021,6.65,-2.28,-0.44,0,3.21
11/30/2021,-1.55,-1.35,-0.53,0,0.82
12/31/2021,3.1,-1.58,3.22,0.01,-2.68
